Workbook

Sheet TRACKER
A1: 90-DAY EXECUTION TRACKER
A2: Check the box only when the activity is actually completed.
A3: ACTIVITY | B3: 46259 | C3: 46260 | D3: 46261 | E3: 46262 | F3: 46263 | G3: 46264 | H3: 46265 | I3: 46266 | J3: 46267 | K3: 46268 | L3: 46269 | M3: 46270 | N3: 46271 | O3: 46272 | P3: 46273 | Q3: 46274 | R3: 46275 | S3: 46276 | T3: 46277 | U3: 46278 | V3: 46279 | W3: 46280 | X3: 46281 | Y3: 46282 | Z3: 46283 | AA3: 46284 | AB3: 46285 | AC3: 46286 | AD3: 46287 | AE3: 46288 | AF3: 46289 | AG3: 46290 | AH3: 46291 | AI3: 46292 | AJ3: 46293 | AK3: 46294 | AL3: 46295 | AM3: 46296 | AN3: 46297 | AO3: 46298 | AP3: 46299 | AQ3: 46300 | AR3: 46301 | AS3: 46302 | AT3: 46303 | AU3: 46304 | AV3: 46305 | AW3: 46306 | AX3: 46307 | AY3: 46308 | AZ3: 46309 | BA3: 46310 | BB3: 46311 | BC3: 46312 | BD3: 46313 | BE3: 46314 | BF3: 46315 | BG3: 46316 | BH3: 46317 | BI3: 46318 | BJ3: 46319 | BK3: 46320 | BL3: 46321 | BM3: 46322 | BN3: 46323 | BO3: 46324 | BP3: 46325 | BQ3: 46326 | BR3: 46327 | BS3: 46328 | BT3: 46329 | BU3: 46330 | BV3: 46331 | BW3: 46332 | BX3: 46333 | BY3: 46334 | BZ3: 46335 | CA3: 46336 | CB3: 46337 | CC3: 46338 | CD3: 46339 | CE3: 46340 | CF3: 46341 | CG3: 46342 | CH3: 46343 | CI3: 46344 | CJ3: 46345 | CK3: 46346 | CL3: 46347 | CM3: 46348 | CN3: 46349 | CO3: 46350 | CP3: 46351 | CQ3: 46352 | CR3: 46353 | CS3: 46354 | CT3: 46355 | CU3: 46356 | CV3: 46357
A4: Listening | B4: FALSE | C4: FALSE | D4: FALSE | E4: FALSE | F4: FALSE | G4: FALSE | H4: FALSE | I4: FALSE | J4: FALSE | K4: FALSE | L4: FALSE | M4: FALSE | N4: FALSE | O4: FALSE | P4: FALSE | Q4: FALSE | R4: FALSE | S4: FALSE | T4: FALSE | U4: FALSE | V4: FALSE | W4: FALSE | X4: FALSE | Y4: FALSE | Z4: FALSE | AA4: FALSE | AB4: FALSE | AC4: FALSE | AD4: FALSE | AE4: FALSE | AF4: FALSE | AG4: FALSE | AH4: FALSE | AI4: FALSE | AJ4: FALSE | AK4: FALSE | AL4: FALSE | AM4: FALSE | AN4: FALSE | AO4: FALSE | AP4: FALSE | AQ4: FALSE | AR4: FALSE | AS4: FALSE | AT4: FALSE | AU4: FALSE | AV4: FALSE | AW4: FALSE | AX4: FALSE | AY4: FALSE | AZ4: FALSE | BA4: FALSE | BB4: FALSE | BC4: FALSE | BD4: FALSE | BE4: FALSE | BF4: FALSE | BG4: FALSE | BH4: FALSE | BI4: FALSE | BJ4: FALSE | BK4: FALSE | BL4: FALSE | BM4: FALSE | BN4: FALSE | BO4: FALSE | BP4: FALSE | BQ4: FALSE | BR4: FALSE | BS4: FALSE | BT4: FALSE | BU4: FALSE | BV4: FALSE | BW4: FALSE | BX4: FALSE | BY4: FALSE | BZ4: FALSE | CA4: FALSE | CB4: FALSE | CC4: FALSE | CD4: FALSE | CE4: FALSE | CF4: FALSE | CG4: FALSE | CH4: FALSE | CI4: FALSE | CJ4: FALSE | CK4: FALSE | CL4: FALSE | CM4: FALSE | CN4: FALSE | CO4: FALSE | CP4: FALSE | CQ4: FALSE | CR4: FALSE | CS4: FALSE | CT4: FALSE | CU4: FALSE | CV4: FALSE
A5: Reading | B5: FALSE | C5: FALSE | D5: FALSE | E5: FALSE | F5: FALSE | G5: FALSE | H5: FALSE | I5: FALSE | J5: FALSE | K5: FALSE | L5: FALSE | M5: FALSE | N5: FALSE | O5: FALSE | P5: FALSE | Q5: FALSE | R5: FALSE | S5: FALSE | T5: FALSE | U5: FALSE | V5: FALSE | W5: FALSE | X5: FALSE | Y5: FALSE | Z5: FALSE | AA5: FALSE | AB5: FALSE | AC5: FALSE | AD5: FALSE | AE5: FALSE | AF5: FALSE | AG5: FALSE | AH5: FALSE | AI5: FALSE | AJ5: FALSE | AK5: FALSE | AL5: FALSE | AM5: FALSE | AN5: FALSE | AO5: FALSE | AP5: FALSE | AQ5: FALSE | AR5: FALSE | AS5: FALSE | AT5: FALSE | AU5: FALSE | AV5: FALSE | AW5: FALSE | AX5: FALSE | AY5: FALSE | AZ5: FALSE | BA5: FALSE | BB5: FALSE | BC5: FALSE | BD5: FALSE | BE5: FALSE | BF5: FALSE | BG5: FALSE | BH5: FALSE | BI5: FALSE | BJ5: FALSE | BK5: FALSE | BL5: FALSE | BM5: FALSE | BN5: FALSE | BO5: FALSE | BP5: FALSE | BQ5: FALSE | BR5: FALSE | BS5: FALSE | BT5: FALSE | BU5: FALSE | BV5: FALSE | BW5: FALSE | BX5: FALSE | BY5: FALSE | BZ5: FALSE | CA5: FALSE | CB5: FALSE | CC5: FALSE | CD5: FALSE | CE5: FALSE | CF5: FALSE | CG5: FALSE | CH5: FALSE | CI5: FALSE | CJ5: FALSE | CK5: FALSE | CL5: FALSE | CM5: FALSE | CN5: FALSE | CO5: FALSE | CP5: FALSE | CQ5: FALSE | CR5: FALSE | CS5: FALSE | CT5: FALSE | CU5: FALSE | CV5: FALSE
A6: Writing | B6: FALSE | C6: FALSE | D6: FALSE | E6: FALSE | F6: FALSE | G6: FALSE | H6: FALSE | I6: FALSE | J6: FALSE | K6: FALSE | L6: FALSE | M6: FALSE | N6: FALSE | O6: FALSE | P6: FALSE | Q6: FALSE | R6: FALSE | S6: FALSE | T6: FALSE | U6: FALSE | V6: FALSE | W6: FALSE | X6: FALSE | Y6: FALSE | Z6: FALSE | AA6: FALSE | AB6: FALSE | AC6: FALSE | AD6: FALSE | AE6: FALSE | AF6: FALSE | AG6: FALSE | AH6: FALSE | AI6: FALSE | AJ6: FALSE | AK6: FALSE | AL6: FALSE | AM6: FALSE | AN6: FALSE | AO6: FALSE | AP6: FALSE | AQ6: FALSE | AR6: FALSE | AS6: FALSE | AT6: FALSE | AU6: FALSE | AV6: FALSE | AW6: FALSE | AX6: FALSE | AY6: FALSE | AZ6: FALSE | BA6: FALSE | BB6: FALSE | BC6: FALSE | BD6: FALSE | BE6: FALSE | BF6: FALSE | BG6: FALSE | BH6: FALSE | BI6: FALSE | BJ6: FALSE | BK6: FALSE | BL6: FALSE | BM6: FALSE | BN6: FALSE | BO6: FALSE | BP6: FALSE | BQ6: FALSE | BR6: FALSE | BS6: FALSE | BT6: FALSE | BU6: FALSE | BV6: FALSE | BW6: FALSE | BX6: FALSE | BY6: FALSE | BZ6: FALSE | CA6: FALSE | CB6: FALSE | CC6: FALSE | CD6: FALSE | CE6: FALSE | CF6: FALSE | CG6: FALSE | CH6: FALSE | CI6: FALSE | CJ6: FALSE | CK6: FALSE | CL6: FALSE | CM6: FALSE | CN6: FALSE | CO6: FALSE | CP6: FALSE | CQ6: FALSE | CR6: FALSE | CS6: FALSE | CT6: FALSE | CU6: FALSE | CV6: FALSE
A7: Speaking | B7: FALSE | C7: FALSE | D7: FALSE | E7: FALSE | F7: FALSE | G7: FALSE | H7: FALSE | I7: FALSE | J7: FALSE | K7: FALSE | L7: FALSE | M7: FALSE | N7: FALSE | O7: FALSE | P7: FALSE | Q7: FALSE | R7: FALSE | S7: FALSE | T7: FALSE | U7: FALSE | V7: FALSE | W7: FALSE | X7: FALSE | Y7: FALSE | Z7: FALSE | AA7: FALSE | AB7: FALSE | AC7: FALSE | AD7: FALSE | AE7: FALSE | AF7: FALSE | AG7: FALSE | AH7: FALSE | AI7: FALSE | AJ7: FALSE | AK7: FALSE | AL7: FALSE | AM7: FALSE | AN7: FALSE | AO7: FALSE | AP7: FALSE | AQ7: FALSE | AR7: FALSE | AS7: FALSE | AT7: FALSE | AU7: FALSE | AV7: FALSE | AW7: FALSE | AX7: FALSE | AY7: FALSE | AZ7: FALSE | BA7: FALSE | BB7: FALSE | BC7: FALSE | BD7: FALSE | BE7: FALSE | BF7: FALSE | BG7: FALSE | BH7: FALSE | BI7: FALSE | BJ7: FALSE | BK7: FALSE | BL7: FALSE | BM7: FALSE | BN7: FALSE | BO7: FALSE | BP7: FALSE | BQ7: FALSE | BR7: FALSE | BS7: FALSE | BT7: FALSE | BU7: FALSE | BV7: FALSE | BW7: FALSE | BX7: FALSE | BY7: FALSE | BZ7: FALSE | CA7: FALSE | CB7: FALSE | CC7: FALSE | CD7: FALSE | CE7: FALSE | CF7: FALSE | CG7: FALSE | CH7: FALSE | CI7: FALSE | CJ7: FALSE | CK7: FALSE | CL7: FALSE | CM7: FALSE | CN7: FALSE | CO7: FALSE | CP7: FALSE | CQ7: FALSE | CR7: FALSE | CS7: FALSE | CT7: FALSE | CU7: FALSE | CV7: FALSE
A8: SAT Math | B8: FALSE | C8: FALSE | D8: FALSE | E8: FALSE | F8: FALSE | G8: FALSE | H8: FALSE | I8: FALSE | J8: FALSE | K8: FALSE | L8: FALSE | M8: FALSE | N8: FALSE | O8: FALSE | P8: FALSE | Q8: FALSE | R8: FALSE | S8: FALSE | T8: FALSE | U8: FALSE | V8: FALSE | W8: FALSE | X8: FALSE | Y8: FALSE | Z8: FALSE | AA8: FALSE | AB8: FALSE | AC8: FALSE | AD8: FALSE | AE8: FALSE | AF8: FALSE | AG8: FALSE | AH8: FALSE | AI8: FALSE | AJ8: FALSE | AK8: FALSE | AL8: FALSE | AM8: FALSE | AN8: FALSE | AO8: FALSE | AP8: FALSE | AQ8: FALSE | AR8: FALSE | AS8: FALSE | AT8: FALSE | AU8: FALSE | AV8: FALSE | AW8: FALSE | AX8: FALSE | AY8: FALSE | AZ8: FALSE | BA8: FALSE | BB8: FALSE | BC8: FALSE | BD8: FALSE | BE8: FALSE | BF8: FALSE | BG8: FALSE | BH8: FALSE | BI8: FALSE | BJ8: FALSE | BK8: FALSE | BL8: FALSE | BM8: FALSE | BN8: FALSE | BO8: FALSE | BP8: FALSE | BQ8: FALSE | BR8: FALSE | BS8: FALSE | BT8: FALSE | BU8: FALSE | BV8: FALSE | BW8: FALSE | BX8: FALSE | BY8: FALSE | BZ8: FALSE | CA8: FALSE | CB8: FALSE | CC8: FALSE | CD8: FALSE | CE8: FALSE | CF8: FALSE | CG8: FALSE | CH8: FALSE | CI8: FALSE | CJ8: FALSE | CK8: FALSE | CL8: FALSE | CM8: FALSE | CN8: FALSE | CO8: FALSE | CP8: FALSE | CQ8: FALSE | CR8: FALSE | CS8: FALSE | CT8: FALSE | CU8: FALSE | CV8: FALSE
A9: SAT R&W | B9: FALSE | C9: FALSE | D9: FALSE | E9: FALSE | F9: FALSE | G9: FALSE | H9: FALSE | I9: FALSE | J9: FALSE | K9: FALSE | L9: FALSE | M9: FALSE | N9: FALSE | O9: FALSE | P9: FALSE | Q9: FALSE | R9: FALSE | S9: FALSE | T9: FALSE | U9: FALSE | V9: FALSE | W9: FALSE | X9: FALSE | Y9: FALSE | Z9: FALSE | AA9: FALSE | AB9: FALSE | AC9: FALSE | AD9: FALSE | AE9: FALSE | AF9: FALSE | AG9: FALSE | AH9: FALSE | AI9: FALSE | AJ9: FALSE | AK9: FALSE | AL9: FALSE | AM9: FALSE | AN9: FALSE | AO9: FALSE | AP9: FALSE | AQ9: FALSE | AR9: FALSE | AS9: FALSE | AT9: FALSE | AU9: FALSE | AV9: FALSE | AW9: FALSE | AX9: FALSE | AY9: FALSE | AZ9: FALSE | BA9: FALSE | BB9: FALSE | BC9: FALSE | BD9: FALSE | BE9: FALSE | BF9: FALSE | BG9: FALSE | BH9: FALSE | BI9: FALSE | BJ9: FALSE | BK9: FALSE | BL9: FALSE | BM9: FALSE | BN9: FALSE | BO9: FALSE | BP9: FALSE | BQ9: FALSE | BR9: FALSE | BS9: FALSE | BT9: FALSE | BU9: FALSE | BV9: FALSE | BW9: FALSE | BX9: FALSE | BY9: FALSE | BZ9: FALSE | CA9: FALSE | CB9: FALSE | CC9: FALSE | CD9: FALSE | CE9: FALSE | CF9: FALSE | CG9: FALSE | CH9: FALSE | CI9: FALSE | CJ9: FALSE | CK9: FALSE | CL9: FALSE | CM9: FALSE | CN9: FALSE | CO9: FALSE | CP9: FALSE | CQ9: FALSE | CR9: FALSE | CS9: FALSE | CT9: FALSE | CU9: FALSE | CV9: FALSE
A10: IT | B10: FALSE | C10: FALSE | D10: FALSE | E10: FALSE | F10: FALSE | G10: FALSE | H10: FALSE | I10: FALSE | J10: FALSE | K10: FALSE | L10: FALSE | M10: FALSE | N10: FALSE | O10: FALSE | P10: FALSE | Q10: FALSE | R10: FALSE | S10: FALSE | T10: FALSE | U10: FALSE | V10: FALSE | W10: FALSE | X10: FALSE | Y10: FALSE | Z10: FALSE | AA10: FALSE | AB10: FALSE | AC10: FALSE | AD10: FALSE | AE10: FALSE | AF10: FALSE | AG10: FALSE | AH10: FALSE | AI10: FALSE | AJ10: FALSE | AK10: FALSE | AL10: FALSE | AM10: FALSE | AN10: FALSE | AO10: FALSE | AP10: FALSE | AQ10: FALSE | AR10: FALSE | AS10: FALSE | AT10: FALSE | AU10: FALSE | AV10: FALSE | AW10: FALSE | AX10: FALSE | AY10: FALSE | AZ10: FALSE | BA10: FALSE | BB10: FALSE | BC10: FALSE | BD10: FALSE | BE10: FALSE | BF10: FALSE | BG10: FALSE | BH10: FALSE | BI10: FALSE | BJ10: FALSE | BK10: FALSE | BL10: FALSE | BM10: FALSE | BN10: FALSE | BO10: FALSE | BP10: FALSE | BQ10: FALSE | BR10: FALSE | BS10: FALSE | BT10: FALSE | BU10: FALSE | BV10: FALSE | BW10: FALSE | BX10: FALSE | BY10: FALSE | BZ10: FALSE | CA10: FALSE | CB10: FALSE | CC10: FALSE | CD10: FALSE | CE10: FALSE | CF10: FALSE | CG10: FALSE | CH10: FALSE | CI10: FALSE | CJ10: FALSE | CK10: FALSE | CL10: FALSE | CM10: FALSE | CN10: FALSE | CO10: FALSE | CP10: FALSE | CQ10: FALSE | CR10: FALSE | CS10: FALSE | CT10: FALSE | CU10: FALSE | CV10: FALSE
A11: SPORT | B11: FALSE | C11: FALSE | D11: FALSE | E11: FALSE | F11: FALSE | G11: FALSE | H11: FALSE | I11: FALSE | J11: FALSE | K11: FALSE | L11: FALSE | M11: FALSE | N11: FALSE | O11: FALSE | P11: FALSE | Q11: FALSE | R11: FALSE | S11: FALSE | T11: FALSE | U11: FALSE | V11: FALSE | W11: FALSE | X11: FALSE | Y11: FALSE | Z11: FALSE | AA11: FALSE | AB11: FALSE | AC11: FALSE | AD11: FALSE | AE11: FALSE | AF11: FALSE | AG11: FALSE | AH11: FALSE | AI11: FALSE | AJ11: FALSE | AK11: FALSE | AL11: FALSE | AM11: FALSE | AN11: FALSE | AO11: FALSE | AP11: FALSE | AQ11: FALSE | AR11: FALSE | AS11: FALSE | AT11: FALSE | AU11: FALSE | AV11: FALSE | AW11: FALSE | AX11: FALSE | AY11: FALSE | AZ11: FALSE | BA11: FALSE | BB11: FALSE | BC11: FALSE | BD11: FALSE | BE11: FALSE | BF11: FALSE | BG11: FALSE | BH11: FALSE | BI11: FALSE | BJ11: FALSE | BK11: FALSE | BL11: FALSE | BM11: FALSE | BN11: FALSE | BO11: FALSE | BP11: FALSE | BQ11: FALSE | BR11: FALSE | BS11: FALSE | BT11: FALSE | BU11: FALSE | BV11: FALSE | BW11: FALSE | BX11: FALSE | BY11: FALSE | BZ11: FALSE | CA11: FALSE | CB11: FALSE | CC11: FALSE | CD11: FALSE | CE11: FALSE | CF11: FALSE | CG11: FALSE | CH11: FALSE | CI11: FALSE | CJ11: FALSE | CK11: FALSE | CL11: FALSE | CM11: FALSE | CN11: FALSE | CO11: FALSE | CP11: FALSE | CQ11: FALSE | CR11: FALSE | CS11: FALSE | CT11: FALSE | CU11: FALSE | CV11: FALSE
A12: Religion | B12: FALSE | C12: FALSE | D12: FALSE | E12: FALSE | F12: FALSE | G12: FALSE | H12: FALSE | I12: FALSE | J12: FALSE | K12: FALSE | L12: FALSE | M12: FALSE | N12: FALSE | O12: FALSE | P12: FALSE | Q12: FALSE | R12: FALSE | S12: FALSE | T12: FALSE | U12: FALSE | V12: FALSE | W12: FALSE | X12: FALSE | Y12: FALSE | Z12: FALSE | AA12: FALSE | AB12: FALSE | AC12: FALSE | AD12: FALSE | AE12: FALSE | AF12: FALSE | AG12: FALSE | AH12: FALSE | AI12: FALSE | AJ12: FALSE | AK12: FALSE | AL12: FALSE | AM12: FALSE | AN12: FALSE | AO12: FALSE | AP12: FALSE | AQ12: FALSE | AR12: FALSE | AS12: FALSE | AT12: FALSE | AU12: FALSE | AV12: FALSE | AW12: FALSE | AX12: FALSE | AY12: FALSE | AZ12: FALSE | BA12: FALSE | BB12: FALSE | BC12: FALSE | BD12: FALSE | BE12: FALSE | BF12: FALSE | BG12: FALSE | BH12: FALSE | BI12: FALSE | BJ12: FALSE | BK12: FALSE | BL12: FALSE | BM12: FALSE | BN12: FALSE | BO12: FALSE | BP12: FALSE | BQ12: FALSE | BR12: FALSE | BS12: FALSE | BT12: FALSE | BU12: FALSE | BV12: FALSE | BW12: FALSE | BX12: FALSE | BY12: FALSE | BZ12: FALSE | CA12: FALSE | CB12: FALSE | CC12: FALSE | CD12: FALSE | CE12: FALSE | CF12: FALSE | CG12: FALSE | CH12: FALSE | CI12: FALSE | CJ12: FALSE | CK12: FALSE | CL12: FALSE | CM12: FALSE | CN12: FALSE | CO12: FALSE | CP12: FALSE | CQ12: FALSE | CR12: FALSE | CS12: FALSE | CT12: FALSE | CU12: FALSE | CV12: FALSE
A13: SKINCARE | B13: FALSE | C13: FALSE | D13: FALSE | E13: FALSE | F13: FALSE | G13: FALSE | H13: FALSE | I13: FALSE | J13: FALSE | K13: FALSE | L13: FALSE | M13: FALSE | N13: FALSE | O13: FALSE | P13: FALSE | Q13: FALSE | R13: FALSE | S13: FALSE | T13: FALSE | U13: FALSE | V13: FALSE | W13: FALSE | X13: FALSE | Y13: FALSE | Z13: FALSE | AA13: FALSE | AB13: FALSE | AC13: FALSE | AD13: FALSE | AE13: FALSE | AF13: FALSE | AG13: FALSE | AH13: FALSE | AI13: FALSE | AJ13: FALSE | AK13: FALSE | AL13: FALSE | AM13: FALSE | AN13: FALSE | AO13: FALSE | AP13: FALSE | AQ13: FALSE | AR13: FALSE | AS13: FALSE | AT13: FALSE | AU13: FALSE | AV13: FALSE | AW13: FALSE | AX13: FALSE | AY13: FALSE | AZ13: FALSE | BA13: FALSE | BB13: FALSE | BC13: FALSE | BD13: FALSE | BE13: FALSE | BF13: FALSE | BG13: FALSE | BH13: FALSE | BI13: FALSE | BJ13: FALSE | BK13: FALSE | BL13: FALSE | BM13: FALSE | BN13: FALSE | BO13: FALSE | BP13: FALSE | BQ13: FALSE | BR13: FALSE | BS13: FALSE | BT13: FALSE | BU13: FALSE | BV13: FALSE | BW13: FALSE | BX13: FALSE | BY13: FALSE | BZ13: FALSE | CA13: FALSE | CB13: FALSE | CC13: FALSE | CD13: FALSE | CE13: FALSE | CF13: FALSE | CG13: FALSE | CH13: FALSE | CI13: FALSE | CJ13: FALSE | CK13: FALSE | CL13: FALSE | CM13: FALSE | CN13: FALSE | CO13: FALSE | CP13: FALSE | CQ13: FALSE | CR13: FALSE | CS13: FALSE | CT13: FALSE | CU13: FALSE | CV13: FALSE

Sheet DASHBOARD
A1: 90-DAY DASHBOARD
A3: Overall completion | B3: =COUNTIF(TRACKER!B4:CV13,TRUE)/COUNTA(TRACKER!B4:CV13)
A5: Activity | B5: Completed | C5: Planned days | D5: Progress | E5: Target / week | G5: Category | H5: Progress
A6: Listening | B6: =COUNTIF(TRACKER!B4:CV4,TRUE) | C6: 99 | D6: =IF(C6=0,0,B6/C6) | E6: 6 | G6: IELTS | H6: =AVERAGE(D6,D7,D8,D9)
A7: Reading | B7: =COUNTIF(TRACKER!B5:CV5,TRUE) | C7: 99 | D7: =IF(C7=0,0,B7/C7) | E7: 5 | G7: SAT | H7: =AVERAGE(D10,D11)
A8: Writing | B8: =COUNTIF(TRACKER!B6:CV6,TRUE) | C8: 99 | D8: =IF(C8=0,0,B8/C8) | E8: 4 | G8: Career | H8: =AVERAGE(D12)
A9: Speaking | B9: =COUNTIF(TRACKER!B7:CV7,TRUE) | C9: 99 | D9: =IF(C9=0,0,B9/C9) | E9: 4 | G9: Health | H9: =AVERAGE(D13)
A10: SAT Math | B10: =COUNTIF(TRACKER!B8:CV8,TRUE) | C10: 99 | D10: =IF(C10=0,0,B10/C10) | E10: 6 | G10: Personal | H10: =AVERAGE(D14,D15)
A11: SAT R&W | B11: =COUNTIF(TRACKER!B9:CV9,TRUE) | C11: 99 | D11: =IF(C11=0,0,B11/C11) | E11: 5
A12: IT | B12: =COUNTIF(TRACKER!B10:CV10,TRUE) | C12: 99 | D12: =IF(C12=0,0,B12/C12) | E12: 6
A13: SPORT | B13: =COUNTIF(TRACKER!B11:CV11,TRUE) | C13: 99 | D13: =IF(C13=0,0,B13/C13) | E13: 5
A14: Religion | B14: =COUNTIF(TRACKER!B12:CV12,TRUE) | C14: 99 | D14: =IF(C14=0,0,B14/C14) | E14: 7
A15: SKINCARE | B15: =COUNTIF(TRACKER!B13:CV13,TRUE) | C15: 99 | D15: =IF(C15=0,0,B15/C15) | E15: 7
A18: SYSTEM
A19: Start | B19: 46259
A20: End | B20: 46357
A21: Days | B21: 99
A22: Days remaining | B22: =MAX(0,DATE(2026,12,1)-TODAY())

Sheet SETTINGS
A1: 90-DAY SYSTEM SETTINGS
A3: Start date | B3: 46259
A4: End date | B4: 46357
A6: Activity | B6: Category | C6: Target days / week | D6: Purpose
A7: Listening | B7: IELTS | C7: 6 | D7: English score
A8: Reading | B8: IELTS | C8: 5 | D8: English score
A9: Writing | B9: IELTS | C9: 4 | D9: English score
A10: Speaking | B10: IELTS | C10: 4 | D10: English score
A11: SAT Math | B11: SAT | C11: 6 | D11: University admission
A12: SAT R&W | B12: SAT | C12: 5 | D12: University admission
A13: IT | B13: Career | C13: 6 | D13: Programming / startup
A14: SPORT | B14: Health | C14: 5 | D14: Physical energy
A15: Religion | B15: Personal | C15: 7 | D15: Personal discipline
A16: SKINCARE | B16: Personal | C16: 7 | D16: Personal discipline
A19: Recommended rule
A20: Do not chase 100% every day. Chase consistency.
A21: A missed day is a data point, not a reason to quit.
A24: GOOGLE SHEETS IMPORT
A25: 1) Upload this XLSX to Google Drive and open with Google Sheets.
A26: 2) In TRACKER select B4:CV13
A27: 3) Insert → Checkbox. TRUE/FALSE values will become checked/unchecked boxes.
A28: 4) Use DASHBOARD for automatic progress tracking.
